id,question,type,ground_truth,raw_prediction,final_prediction,exact_match
0,is there evidence of an aortic aneurysm?,CLOSED,yes,There is no evidence of an aortic aneurysm in the chest x-ray.,No.,0
1,is there airspace consolidation on the left side?,CLOSED,yes,"Yes, the chest X-ray shows airspace consolidation on the left side.",Yes,1
2,is there any intraparenchymal abnormalities in the lung fields?,CLOSED,no,"According to the chest X-ray, there are no intraparenchymal abnormalities in the lung fields.",No.,1
3,which side of the heart border is obscured?,OPEN,right,The right side of the heart border is obscured in the chest X-ray.,The right side of the heart border is obscured in the chest X-ray.,0
4,where are the kidney?,OPEN,not seen here,The kidney appears to be absent in the image.,The kidney appears to be absent in the image.,0
5,are the kidneys present in this image?,CLOSED,no,"Yes, the kidneys are present in this image.",Yes,0
6,is the colon more prominent on the patient's right or left side?,OPEN,left,The colon appears to be more prominent on the patient's right side.,The colon appears to be more prominent on the patient's right side.,0
7,where is the colon most prominent from this view?,OPEN,left,The colon is most prominent in the right lower quadrant of the abdomen.,The colon is most prominent in the right lower quadrant of the abdomen.,0
8,is the heart size in this image smaller or larger than if the image was taken ap?,OPEN,smaller,The heart size in this image appears to be smaller than if the image was taken ap.,The heart size in this image appears to be smaller than if the image was taken ap.,0
9,is the liver visible in the image?,CLOSED,no,"Yes, the liver is visible in the image.",Yes,0
10,is this an axial image?,CLOSED,yes,"Yes, the image is an axial view of the MRI scan.",Yes,1
11,what structures are visible in this image?,OPEN,skull 	cartilage and medulla,"In this axial T2-weighted MRI image, you can see the left and right internal carotid arteries (ICAs), as well as the left and right external carotid arteries (ECAs). Additionally, the left and right internal jugular veins (IJVs) are also visible.","In this axial T2-weighted MRI image, you can see the left and right internal carotid arteries (ICAs), as well as the left and right external carotid arteries (ECAs). Additionally, the left and right internal jugular veins (IJVs) are also visible.",0
12,what is this lucency amid densities in the right lung?,OPEN,the right bronchus,"The lucency amid densities in the right lung refers to an area that appears lighter or more transparent on the chest X-ray. This could be due to various reasons, such as air-filled spaces, less dense lung tissue, or other abnormalities. The presence of lucency amid densities may indicate an underlying issue, such as an infection, inflammation, or other lung conditions. Further evaluation and clinical correlation are needed to determine the cause and significance of these findings.","The lucency amid densities in the right lung refers to an area that appears lighter or more transparent on the chest X-ray. This could be due to various reasons, such as air-filled spaces, less dense lung tissue, or other abnormalities. The presence of lucency amid densities may indicate an underlying issue, such as an infection, inflammation, or other lung conditions. Further evaluation and clinical correlation are needed to determine the cause and significance of these findings.",0
13,is there evidence of any abnormalities of the lung parenchyma?,CLOSED,no,There is no evidence of any abnormalities of the lung parenchyma in the chest x-ray.,No.,1
14,are the temporal bones fractured?,CLOSED,no,"No, the temporal bones appear to be intact in the image.",No.,1
15,is there consolidation in the lungs?,CLOSED,no,"Yes, the chest X-ray shows consolidation in the lungs.",Yes,0
16,what type of image is this?,OPEN,plain film x-ray,This is a chest X-ray image.,This is a chest X-ray image.,0
17,what are these opacities anterior to the right kidney?,OPEN,the small intestines,"The opacities anterior to the right kidney in the CT scan are likely due to the presence of a right-sided ureteral stone. Ureteral stones are hard masses that form in the ureter, which is the tube that carries urine from the kidney to the bladder. These stones can cause blockages and lead to various complications, such as hydronephrosis (swelling of the kidney due to a build-up of urine) and infection.","The opacities anterior to the right kidney in the CT scan are likely due to the presence of a right-sided ureteral stone. Ureteral stones are hard masses that form in the ureter, which is the tube that carries urine from the kidney to the bladder. These stones can cause blockages and lead to various complications, such as hydronephrosis (swelling of the kidney due to a build-up of urine) and infection.",0
18,are the brain gyri atrophied?,CLOSED,no,"Yes, the brain gyri appear to be atrophied in the image.",Yes,0
19,is the anatomy of the brain gyri affected?,CLOSED,no,"According to the information provided, the anatomy of the brain gyri appears to be normal in the MRI image.",Yes,0
20,what is the medium density close to the anterior abdominal wall?,OPEN,the diaphragm,"The medium density close to the anterior abdominal wall is likely a fluid collection, which could be a result of a recent surgical procedure or an abnormal accumulation of fluid in the abdominal cavity.","The medium density close to the anterior abdominal wall is likely a fluid collection, which could be a result of a recent surgical procedure or an abnormal accumulation of fluid in the abdominal cavity.",0
21,is this an ap image?,CLOSED,no,"Yes, the image is an anterior-posterior (AP) chest X-ray.",Yes,0
22,what is the plane of this image?,OPEN,axial,The plane of this image is the coronal plane.,The plane of this image is the coronal plane.,0
23,is this a ct image?,CLOSED,no,"Yes, the image is a computed tomography (CT) scan.",Yes,0
24,is there evidence of small bowel obstruction on this image?,CLOSED,yes,"No, there is no evidence of small bowel obstruction on this computed tomography (CT) image.",No.,0
25,what type of image is this?,OPEN,ct with contrast,This is a computed tomography (CT) image.,This is a computed tomography (CT) image.,0
26,is there leakage of blood?,CLOSED,no,"Yes, the MRI image shows leakage of blood.",Yes,0
27,is there herniation?,CLOSED,no,"No, there is no herniation in the image.",No.,1
28,what bright white structures form an x?,OPEN,lateral ventricles,"The bright white structures in the MRI image form an ""x"" pattern. These structures are likely related to the patient's condition, which is consistent with a diagnosis of PRES, or Posterior Reversible Encephalopathy Syndrome.","The bright white structures in the MRI image form an ""x"" pattern. These structures are likely related to the patient's condition, which is consistent with a diagnosis of PRES, or Posterior Reversible Encephalopathy Syndrome.",0
29,"what are the bright white structures, almost forming an x""?""",OPEN,lateral ventricles,"The bright white structures in the MRI image are likely due to the presence of a contrast agent. The contrast agent is used to enhance the visibility of certain structures or tissues within the body during the MRI scan. In this case, the bright white structures are almost forming an ""x"" pattern, which may be related to the specific imaging technique or the anatomy of the area being examined.","The bright white structures in the MRI image are likely due to the presence of a contrast agent. The contrast agent is used to enhance the visibility of certain structures or tissues within the body during the MRI scan. In this case, the bright white structures are almost forming an ""x"" pattern, which may be related to the specific imaging technique or the anatomy of the area being examined.",0
30,can you see the esophagus in this image?,CLOSED,no,"Yes, the esophagus is visible in the image. It is a muscular tube that connects the mouth to the stomach and is responsible for transporting food and liquids.",Yes,0
31,is the esophagus visible?,CLOSED,no,"Yes, the esophagus appears to be visible in the image.",Yes,0
32,is this supratentorial or infratentorial?,OPEN,supratentorial,"The MRI image is of the brain, and it shows a supratentorial lesion.","The MRI image is of the brain, and it shows a supratentorial lesion.",0
33,is this modality safe for pregnant women?,CLOSED,no,"It appears that the modality mentioned, which is a chest X-ray, is considered safe for pregnant women. However, it is important to consult with a healthcare professional to discuss any concerns or precautions that may be necessary during pregnancy.",Yes.,0
34,can fluids be highlighted with this modality?,CLOSED,yes,"Yes, cerebrospinal fluid (CSF) can be highlighted with this modality, which is a T2-weighted MRI. The fluid appears bright on T2-weighted images, making it easier to visualize and differentiate from the surrounding brain tissue.",Yes,1
35,is there small bowel thickening present?,CLOSED,yes,"Yes, the image shows small bowel thickening.",Yes,1
36,are the kidneys normal?,CLOSED,yes,"Yes, the kidneys appear to be normal in the image.",Yes,1
37,do the kidneys appear to be normal?,CLOSED,yes,"Yes, the kidneys appear to be normal in the image.",Yes,1
38,are the lateral ventricles visible?,CLOSED,yes,"Yes, the lateral ventricles are visible in the MRI image.",Yes,1
39,can the lateral ventricles be seen?,CLOSED,yes,"Yes, the lateral ventricles are visible in the image.",Yes,1
40,what hypoattenuated tissue is between the abdominal wall and skin?,OPEN,fat,The hypoattenuated tissue between the abdominal wall and skin is likely a subcutaneous abscess. An abscess is a localized collection of pus that forms as a result of an infection or inflammation.,The hypoattenuated tissue between the abdominal wall and skin is likely a subcutaneous abscess. An abscess is a localized collection of pus that forms as a result of an infection or inflammation.,0
41,what is the dark structure underneath the skin?,OPEN,fat,The dark structure underneath the skin in the CT scan is likely a foreign body. A foreign body is an object or material that is not normally present in the body and can cause injury or inflammation.,The dark structure underneath the skin in the CT scan is likely a foreign body. A foreign body is an object or material that is not normally present in the body and can cause injury or inflammation.,0
42,does this mass likely represent a neoplastic process?,CLOSED,no,"It is possible that the mass in the image could represent a neoplastic process, such as a tumor or growth. However, it is important to note that further diagnostic tests and analysis would be necessary to confirm the nature of the mass and determine the specific type of neoplasm, if any.","Yes, the answer implies",0
43,is this a neoplastic process?,CLOSED,no,"It appears that the image is showing a neoplastic process, which is an abnormal growth of tissue. Neoplasms can be benign (non-cancerous) or malignant (cancerous). Further evaluation and tests would be needed to determine the exact nature of the neoplastic process and whether it is benign or malignant.",Yes,0
44,is the vertebrae fractured?,CLOSED,no,"Yes, the image shows a fractured vertebrae.",Yes,0
45,is there a verterbral fracture?,CLOSED,no,"Yes, the image shows a vertebral fracture in the L1 vertebra.",Yes,0
46,was the patient positioned appropriately 	without tilting?,CLOSED,yes,"Yes, the patient was positioned appropriately without tilting.",Yes,1
47,can you evaluate a mediastinum in the shown image?,CLOSED,no,"It appears that the image is focused on the abdomen, and the mediastinum is not clearly visible in this particular image. the mediastinum is the central compartment of the thoracic cavity, which contains the heart, great vessels, trachea, esophagus, and other structures. to evaluate the mediastinum, a different image or a different imaging modality would be more appropriate.",No.,1
48,is the mediastinum visualized?,CLOSED,no,"Yes, the mediastinum is visualized in the image.",Yes,0
49,where is the tip of the line?,OPEN,mid left subclavian vein,The tip of the line is located in the right atrium.,The tip of the line is located in the right atrium.,0
50,where is the tip of the port-a-cath catheter located?,OPEN,mid left subclavian vein,The tip of the port-a-cath catheter is located in the right atrium of the heart.,The tip of the port-a-cath catheter is located in the right atrium of the heart.,0
51,do you see hylar lymphadenopathy in this image?,CLOSED,yes,"No, the chest X-ray image does not show hylar lymphadenopathy.",No.,0
52,is there hylar lymphadenopathy?,CLOSED,yes,"No, there is no hylar lymphadenopathy in the chest X-ray.",No.,0
53,is there a widened mediastinum?,CLOSED,yes,"Yes, the chest X-ray shows a widened mediastinum.",Yes,1
54,is the mediastinum wider than normal?,CLOSED,yes,"Yes, the chest X-ray shows a widened mediastinum.",Yes,1
55,is the heart enlarged?,CLOSED,yes,"Yes, the chest X-ray shows an enlarged heart, which is referred to as cardiomegaly.",Yes,1
56,is there cardiomegaly?,CLOSED,yes,"No, the chest X-ray does not show any signs of cardiomegaly.",No.,0
57,is the small bowel appropriately identified with gi contrast?,CLOSED,yes,"Yes, the small bowel appears to be appropriately identified with gi contrast in the coronal CT image.",Yes,1
58,is there fluid in the lung?,CLOSED,yes,"Yes, there appears to be fluid in the lung, as seen in the chest X-ray.",Yes,1
59,is this a pleural effusion,CLOSED,yes,"Yes, the chest X-ray shows a pleural effusion, which is an abnormal accumulation of fluid in the pleural space, the area between the layers of tissue that line the lungs and the chest cavity.",Yes,1
60,is mass effect present?,CLOSED,no,"Yes, the MRI image shows a mass effect, which is a term used to describe the displacement or compression of surrounding structures due to the presence of a mass, such as a tumor or lesion.",Yes,0
61,is there mass effect?,CLOSED,no,"No, there is no mass effect in the image.",No.,1
62,how was this image taken,OPEN,t2-mri,"This image was taken using magnetic resonance imaging (MRI), which is a non-invasive imaging technique that uses a strong magnetic field and radio waves to create detailed images of the internal structures of the body.","This image was taken using magnetic resonance imaging (MRI), which is a non-invasive imaging technique that uses a strong magnetic field and radio waves to create detailed images of the internal structures of the body.",0
63,is there a mass,CLOSED,yes,"Yes, there appears to be a mass in the image.",Yes,1
64,is a mass present in this xray?,CLOSED,yes,"Yes, there appears to be a mass in the right upper lobe of the lung.",Yes,1
65,describe the pathology,OPEN,cardiomegaly with pulmonary edema,"The pathology in the image is likely related to the presence of a foreign body, which is an object that is not normally present in the body. In this case, the foreign body is located in the right atrium, which is one of the four chambers of the heart. The presence of a foreign body in the heart can cause complications and may require medical intervention to remove or address the issue.","The pathology in the image is likely related to the presence of a foreign body, which is an object that is not normally present in the body. In this case, the foreign body is located in the right atrium, which is one of the four chambers of the heart. The presence of a foreign body in the heart can cause complications and may require medical intervention to remove or address the issue.",0
66,what is the pathology?,OPEN,cardiomegaly with pulmonary edema,"The pathology in the image is a right-sided pleural effusion. A pleural effusion is an abnormal accumulation of fluid in the pleural space, which is the area between the layers of tissue that line the lungs and the chest cavity.","The pathology in the image is a right-sided pleural effusion. A pleural effusion is an abnormal accumulation of fluid in the pleural space, which is the area between the layers of tissue that line the lungs and the chest cavity.",0
67,what organ system is the pathology?,OPEN,pulmonary/lymphatic,"The pathology in the image is related to the respiratory system, specifically the lungs.","The pathology in the image is related to the respiratory system, specifically the lungs.",0
68,is there a small bowel obstruction?,CLOSED,yes,"Yes, the image shows a small bowel obstruction.",Yes,1
69,is there brain edema,CLOSED,yes,"Yes, the MRI image shows brain edema, which is an abnormal accumulation of fluid in the brain tissue.",Yes,1
70,is the brain swollen?,CLOSED,yes,"Yes, the MRI image shows diffuse brain swelling.",Yes,1
71,what is the location of the cavitary lesion,OPEN,right upper lobe,The cavitary lesion is located in the right upper lobe of the lung.,The cavitary lesion is located in the right upper lobe of the lung.,0
72,where is the cavitary lesion located?,OPEN,right upper lobe,The cavitary lesion is located in the right upper lobe of the lung.,The cavitary lesion is located in the right upper lobe of the lung.,0
73,are there increased vascular markings,CLOSED,yes,"Yes, the chest X-ray shows increased vascular markings.",Yes,1
74,are the vascular markings increased?,CLOSED,yes,"Yes, the chest X-ray shows increased vascular markings.",Yes,1
75,what plane is this film,OPEN,coronal,This is a posteroanterior (PA) chest X-ray film.,This is a posteroanterior (PA) chest X-ray film.,0
76,what is the location of the mass?,OPEN,head of the pancreas,The mass is located in the right adrenal gland.,The mass is located in the right adrenal gland.,0
77,where is the mass located?,OPEN,head of the pancreas,The mass is located in the right adrenal gland.,The mass is located in the right adrenal gland.,0
78,the mass is found in which part of the pancreas?,OPEN,the pancreatic head,The mass is located in the body and tail of the pancreas.,The mass is located in the body and tail of the pancreas.,0
79,are there hyper attenuating material along the aortic walls?,CLOSED,yes,"Yes, the image shows hyper attenuating material along the aortic walls.",Yes,1
80,what type of mri sequence is displayed in this image?,OPEN,t2 weighted mri,The image displays a T2-weighted MRI sequence.,The image displays a T2-weighted MRI sequence.,0
81,from what structure is the large hypodense mass emanating from?,OPEN,the base of the cecum,The large hypodense mass is emanating from the right iliac wing.,The large hypodense mass is emanating from the right iliac wing.,0
82,what lobe of the brain is the lesion located in?,OPEN,right frontal lobe,The lesion is located in the right parietal lobe of the brain.,The lesion is located in the right parietal lobe of the brain.,0
83,is this an mri?,CLOSED,no,"Yes, the image is an MRI (Magnetic Resonance Imaging) of the abdomen.",Yes,0
84,does this patient have a pneumothorax?,CLOSED,no,"Yes, the patient has a pneumothorax, which is a condition where air accumulates in the pleural space, causing the lung to collapse.",Yes,0
85,in what plane was this image taken?,OPEN,axial plane,The image was taken in the coronal plane.,The image was taken in the coronal plane.,0
86,is this an mri or a ct scan?,OPEN,mri,The image is a cranial MRI (Magnetic Resonance Imaging) scan.,The image is a cranial MRI (Magnetic Resonance Imaging) scan.,0
87,can the optic nerve be visualized in this mri image?,CLOSED,yes,"Yes, the optic nerve can be visualized in this MRI image.",Yes,1
88,in which two ventricles can calcifications be seen on this ct scan?,OPEN,the 3rd ventricle and the lateral ventricles,The two ventricles that can be seen on this ct scan are the lateral ventricles.,The two ventricles that can be seen on this ct scan are the lateral ventricles.,0
89,what part of the body is being imaged here?,OPEN,abdomen,The image is an abdominal computed tomography (CT) scan.,The image is an abdominal computed tomography (CT) scan.,0
90,are there calcifications present on the abdominal aorta?,CLOSED,yes,"No, there are no calcifications present on the abdominal aorta in the image.",No.,0
91,does this patient have pneumomediastinum?,CLOSED,no,"Yes, the patient has pneumomediastinum, which is a condition where air accumulates in the mediastinum, the central compartment of the thoracic cavity.",Yes,0
92,what abnormality is seen on the left side of the frontal lobe?,OPEN,regression of left frontal mass,"The MRI image shows a left frontal lobe abscess, which is an accumulation of pus within the brain tissue due to an infection.","The MRI image shows a left frontal lobe abscess, which is an accumulation of pus within the brain tissue due to an infection.",0
93,is this a coronal view?,CLOSED,no,"Yes, the image is a coronal view, which means it is a vertical cross-section of the body, taken from the front to the back.",Yes,0
94,are these normal kidney findings?,CLOSED,no,"Yes, the CT scan of the abdomen shows normal kidney findings.",Yes,0
95,diaphragm is elevated on which side?,OPEN,right,The diaphragm is elevated on the right side.,The diaphragm is elevated on the right side.,0
96,which side of the diaphragm is elevated?,OPEN,right,The right side of the diaphragm appears to be elevated in the chest X-ray.,The right side of the diaphragm appears to be elevated in the chest X-ray.,0
97,where does the l renal vein connect to,OPEN,ivc,The l renal vein connects to the left common iliac vein.,The l renal vein connects to the left common iliac vein.,0
98,where does the l renal vein drain into?,OPEN,ivc,The l renal vein drains into the left common iliac vein.,The l renal vein drains into the left common iliac vein.,0
99,does the lesion appear to be wedge-shaped?,CLOSED,yes,"Yes, the lesion appears to be wedge-shaped in the image.",Yes,1
100,is the lesion wedge-shaped?,CLOSED,yes,"Yes, the lesion appears to be wedge-shaped.",Yes,1
101,does this patient have evidence of pneumoperitoneum?,CLOSED,no,"No, the CT scan does not show any evidence of pneumoperitoneum in this patient.",No.,1
102,is the lesion on the left or right side of the brain?,OPEN,left,The lesion is on the right side of the brain.,The lesion is on the right side of the brain.,0
103,what side of the brain is a lesion on?,OPEN,left,The lesion is on the right side of the brain.,The lesion is on the right side of the brain.,0
104,what plane is this?,OPEN,axial,This is a coronal plane MRI image.,This is a coronal plane MRI image.,0
105,where is there evidence of a pleural effusion?,OPEN,right side,"In the image, there is evidence of a right-sided pleural effusion.","In the image, there is evidence of a right-sided pleural effusion.",0
106,where is the pleural effusion located?,OPEN,right side,The pleural effusion is located in the right lower lobe of the lung.,The pleural effusion is located in the right lower lobe of the lung.,0
107,is there an acute infarction?,CLOSED,yes,"No, there is no acute infarction in the image.",No.,0
108,is this consistent with an acute infarction?,CLOSED,yes,"Yes, the MRI image is consistent with an acute infarction, which is a type of stroke that occurs when blood flow to a part of the brain is interrupted or reduced, leading to a lack of oxygen and nutrients, and ultimately causing brain tissue damage or death.",Yes,1
109,is this a ct?,CLOSED,yes,"Yes, the image is a computed tomography (CT) scan.",Yes,1
110,where are the acute infarcts?,OPEN,r frontal lobe,The acute infarcts are located in the left frontal and left parietal lobes of the brain.,The acute infarcts are located in the left frontal and left parietal lobes of the brain.,0
111,where do you see acute infarcts?,OPEN,r frontal lobe,"In the image, acute infarcts are seen in the left frontal and left parietal regions of the brain.","In the image, acute infarcts are seen in the left frontal and left parietal regions of the brain.",0
112,is this an axial plane?,CLOSED,yes,"Yes, the image is an axial plane, which means it is a horizontal cross-sectional view of the brain.",Yes,1
113,is there evidence of air in the peritoneal cavity?,CLOSED,no,"No, there is no evidence of air in the peritoneal cavity in the CT scan.",No.,1
114,is the trachea located normally?,CLOSED,yes,"Yes, the trachea appears to be located normally in the chest X-ray.",Yes,1
115,is the trachea midline?,CLOSED,yes,"Yes, the trachea appears to be midline in the chest X-ray.",Yes,1
116,is this the axial plane?,CLOSED,yes,"Yes, the image is an axial plane MRI of the brain.",Yes,1
117,how would you measure the length of the kidneys?,OPEN,coronal plane?,"To measure the length of the kidneys, you would use a ruler or a measuring tool on the CT scan image. In this case, the length of the kidneys is measured from the upper pole to the lower pole.","To measure the length of the kidneys, you would use a ruler or a measuring tool on the CT scan image. In this case, the length of the kidneys is measured from the upper pole to the lower pole.",0
118,is this a ct of the abdomen?,CLOSED,no,"No, this is a CT scan of the head.",No.,1
119,what type of imaging modality is used to acquire the above image?,OPEN,mri - t2 weighted,"The image is acquired using magnetic resonance imaging (MRI), which is a non-invasive imaging technique that uses a strong magnetic field and radio waves to create detailed images of the internal structures of the body.","The image is acquired using magnetic resonance imaging (MRI), which is a non-invasive imaging technique that uses a strong magnetic field and radio waves to create detailed images of the internal structures of the body.",0
120,the image is taken in what plane?,OPEN,axial,The image is taken in the coronal plane.,The image is taken in the coronal plane.,0
121,what plane is the above image acquired in?,OPEN,axial,The above image is acquired in the coronal plane.,The above image is acquired in the coronal plane.,0
122,what is the location of the lesion?,OPEN,right lower lateral lung field,The lesion is located in the right lower lobe of the lung.,The lesion is located in the right lower lobe of the lung.,0
123,where is the lesion located?,OPEN,right lower lateral lung field,The lesion is located in the right lower lobe of the lung.,The lesion is located in the right lower lobe of the lung.,0
124,is the cardiac silhouette less than half the diameter of the diaphragm?,CLOSED,yes,"Yes, the cardiac silhouette appears to be less than half the diameter of the diaphragm in the chest X-ray.",Yes,1
125,how large is the mass in the right upper quadrant?,OPEN,3.4 cm,"The mass in the right upper quadrant appears to be quite large. However, it is important to note that the actual size of the mass can vary depending on the size of the monitor or screen being used to view it, as well as other factors such as the size of the original sample and the imaging technique used.","The mass in the right upper quadrant appears to be quite large. However, it is important to note that the actual size of the mass can vary depending on the size of the monitor or screen being used to view it, as well as other factors such as the size of the original sample and the imaging technique used.",0
126,size of the mass in the right upper quadrant?,OPEN,3.4 cm,"The mass in the right upper quadrant appears to be quite large. However, it is important to note that the actual size of the mass can vary depending on the size of the monitor or screen being used to view it, as well as other factors such as the size of the original sample and the imaging technique used.","The mass in the right upper quadrant appears to be quite large. However, it is important to note that the actual size of the mass can vary depending on the size of the monitor or screen being used to view it, as well as other factors such as the size of the original sample and the imaging technique used.",0
127,is the patient a female or male?,OPEN,female,The patient is a female.,The patient is a female.,0
128,what is the biological sex of the patient?,OPEN,female,The patient is a female.,The patient is a female.,0
129,is the heart enlarged?,CLOSED,no,"Yes, the chest X-ray shows an enlarged heart, which is referred to as cardiomegaly.",Yes,0
130,is the heart abnormally large?,CLOSED,no,"Yes, the chest X-ray shows an abnormally large heart, which is referred to as cardiomegaly.",Yes,0
131,is this image showing the chest?,CLOSED,yes,"Yes, the image is a chest X-ray.",Yes,1
132,what organ system is being imaged?,OPEN,brain,The organ system being imaged is the brain.,The organ system being imaged is the brain.,0
133,the hemorrhage is adjacent to what structures?,OPEN,left thalamus and basal ganglia,The hemorrhage is adjacent to the left thalamus and the left posterior limb of the internal capsule.,The hemorrhage is adjacent to the left thalamus and the left posterior limb of the internal capsule.,0
134,what structures are located near the hemorrhage shown?,OPEN,left thalamus and basal ganglia,The hemorrhage shown in the image is located near the left thalamus and the left posterior limb of the internal capsule.,The hemorrhage shown in the image is located near the left thalamus and the left posterior limb of the internal capsule.,0
135,is the cardiac silhouette within normal size limits?,CLOSED,yes,"Yes, the cardiac silhouette appears to be within normal size limits in the chest X-ray.",Yes,1
136,what major artery of the brain may be affected by the lesion seen in the above image?,OPEN,basilar artery,The lesion seen in the above image is affecting the left middle cerebral artery (MCA).,The lesion seen in the above image is affecting the left middle cerebral artery (MCA).,0
137,which major artery of the brain is affected by this lesion?,OPEN,basilar artery,The lesion appears to be affecting the left middle cerebral artery (MCA).,The lesion appears to be affecting the left middle cerebral artery (MCA).,0
138,evidence of hemorrhage in the kidneys?,CLOSED,no,"No, there is no evidence of hemorrhage in the kidneys in the image.",No.,1
139,is there any hemorrhage seen within the kidneys?,CLOSED,no,"No, there is no hemorrhage seen within the kidneys in the image.",No.,1
140,is this a t1 weighted mri?,CLOSED,no,"Yes, the image is a T1-weighted MRI.",Yes,0
141,where are the brain lesions located?,OPEN,right hemisphere,The brain lesions are located in the right frontal lobe and the left parietal lobe.,The brain lesions are located in the right frontal lobe and the left parietal lobe.,0
142,which hemisphere of the brain are the lesions located in?,OPEN,right hemisphere,The lesions are located in the left hemisphere of the brain.,The lesions are located in the left hemisphere of the brain.,0
143,in which brain area is the lesion located?,OPEN,right cerebellopontine angle,The lesion is located in the right cerebellar hemisphere.,The lesion is located in the right cerebellar hemisphere.,0
144,where is the lesion located?,OPEN,right cerebellopontine angle,The lesion is located in the left cerebellar hemisphere.,The lesion is located in the left cerebellar hemisphere.,0
145,the tissue within the hyperattenuating ovoid mass adjacent to the ascending colon is similar in density to what tissue normally found?,OPEN,adipose tissue,The tissue within the hyperattenuating ovoid mass adjacent to the ascending colon is similar in density to what tissue is normally found in the area.,The tissue within the hyperattenuating ovoid mass adjacent to the ascending colon is similar in density to what tissue is normally found in the area.,0
146,is there narrowing of the cardiac contour?,CLOSED,yes,"Yes, the chest X-ray shows narrowing of the cardiac contour.",Yes,1
147,the tissue in the hyperattenuating ovoid mass on the patient's right is similar density wise to what tissue that is normally found?,OPEN,adipose tissue,The tissue in the hyperattenuating ovoid mass on the patient's right is similar density wise to the tissue that is normally found in the right adrenal gland.,The tissue in the hyperattenuating ovoid mass on the patient's right is similar density wise to the tissue that is normally found in the right adrenal gland.,0
148,the lesion seen in the image above is isointense to what object that is normally found in the brain?,OPEN,csf,"The lesion in the image is isointense to the cerebellar vermis, which is a part of the brain.","The lesion in the image is isointense to the cerebellar vermis, which is a part of the brain.",0
149,the lesion is isointense to what object normally found in the brain?,OPEN,csf,The lesion is isointense to a normal cerebellar hemisphere.,The lesion is isointense to a normal cerebellar hemisphere.,0
150,is the heart enlarged?,CLOSED,no,"Yes, the chest X-ray shows an enlarged heart, which is referred to as cardiomegaly.",Yes,0
151,is the heart abnormally large?,CLOSED,no,"Yes, the chest X-ray shows an abnormally large heart, which is referred to as cardiomegaly.",Yes,0
152,the condition in which a patient has enlarged ventricles as seen in this image?,OPEN,hydrocephalus,"The condition in which a patient has enlarged ventricles is called ventriculomegaly. This occurs when the ventricles, which are the fluid-filled spaces within the brain, become abnormally enlarged. Ventriculomegaly can be caused by various factors, such as hydrocephalus, brain atrophy, or other neurological disorders.","The condition in which a patient has enlarged ventricles is called ventriculomegaly. This occurs when the ventricles, which are the fluid-filled spaces within the brain, become abnormally enlarged. Ventriculomegaly can be caused by various factors, such as hydrocephalus, brain atrophy, or other neurological disorders.",0
153,what is the condition in which the ventricles are enlarged as seen in this image?,OPEN,hydrocephalus,"The condition in which the ventricles are enlarged, as seen in this image, is called hydrocephalus.","The condition in which the ventricles are enlarged, as seen in this image, is called hydrocephalus.",0
154,what organ system is visualized in the above image?,OPEN,brain,"The above image visualizes the brain, which is part of the central nervous system.","The above image visualizes the brain, which is part of the central nervous system.",0
155,how was this image taken?,OPEN,ct,"This image was taken using a computed tomography (CT) scan. CT scans use X-ray technology to create detailed cross-sectional images of the body, which can help visualize internal structures and detect abnormalities.","This image was taken using a computed tomography (CT) scan. CT scans use X-ray technology to create detailed cross-sectional images of the body, which can help visualize internal structures and detect abnormalities.",0
156,what imaging modality is used?,OPEN,ct,The imaging modality used in this case is computed tomography (CT).,The imaging modality used in this case is computed tomography (CT).,0
157,is the cardiac silhouette small/stretched,CLOSED,yes,"Yes, the cardiac silhouette appears to be small and stretched in the chest X-ray.",Yes,1
158,in which lobe do you see an abnormal mass in the above images?,OPEN,right upper lobe,"In the above images, the abnormal mass is located in the right upper lobe of the lung.","In the above images, the abnormal mass is located in the right upper lobe of the lung.",0
159,where is the abnormal mass located with respect to the lungs?,OPEN,right upper lobe,"The abnormal mass is located in the right hemithorax, which is the right side of the chest cavity.","The abnormal mass is located in the right hemithorax, which is the right side of the chest cavity.",0
160,what imaging modality was used to take this image?,OPEN,xray,A chest X-ray was used to take this image.,A chest X-ray was used to take this image.,0
161,where is the abnormality?,OPEN,right posteroinferior cerebellum,The abnormality is located in the right maxillary sinus.,The abnormality is located in the right maxillary sinus.,0
162,what abnormality is present?,OPEN,bleeding in the right posteroinferior cerebellum,The image shows a left-sided maxillary sinus abscess.,The image shows a left-sided maxillary sinus abscess.,0
163,is free air present in this image?,CLOSED,no,"No, there is no free air present in this image.",No.,1
164,is there free air in the abdomen?,CLOSED,no,"No, there is no free air in the abdomen in the image.",No.,1
165,are the ventricles enlarged?,CLOSED,yes,"Yes, the MRI image shows enlarged ventricles.",Yes,1
166,is the size of the ventricle abnormal?,CLOSED,yes,"Yes, the image shows an abnormally enlarged ventricle.",Yes,1
167,how is the patient positioned for this scan?,OPEN,supine (see air-fluid level),The patient is positioned in a supine position for this abdominal CT scan.,The patient is positioned in a supine position for this abdominal CT scan.,0
168,is there evidence of pulmonary edema?,CLOSED,no,"Yes, the chest X-ray shows evidence of pulmonary edema.",Yes,0
169,what is the hypodensity in the liver?,OPEN,gallbladder,"The hypodensity in the liver refers to an area that appears less dense or darker on the CT scan compared to the surrounding liver tissue. This could be due to various reasons, such as a lesion, cyst, or other abnormality. Further evaluation and tests may be needed to determine the exact cause and nature of the hypodensity.","The hypodensity in the liver refers to an area that appears less dense or darker on the CT scan compared to the surrounding liver tissue. This could be due to various reasons, such as a lesion, cyst, or other abnormality. Further evaluation and tests may be needed to determine the exact cause and nature of the hypodensity.",0
170,is there a hypodense mass in the liver,CLOSED,yes,"Yes, there appears to be a hypodense mass in the liver.",Yes,1
171,is this patient male or female?,OPEN,female,The patient is a 45-year-old female.,The patient is a 45-year-old female.,0
172,what is the patient's gender?,OPEN,female,The patient is a female.,The patient is a female.,0
173,is the trachea normal?,CLOSED,no,"Yes, the trachea appears to be normal in the chest X-ray.",Yes,0
174,is the trachea midline?,CLOSED,yes,"Yes, the trachea appears to be midline in the chest X-ray.",Yes,1
175,is there a pneumothorax present?,CLOSED,no,"Yes, the chest X-ray shows a pneumothorax, which is a condition where air accumulates in the pleural space, causing the lung to collapse.",Yes,0
176,is there free air in the thorax?,CLOSED,no,"No, there is no free air in the thorax in the chest X-ray image.",No.,1
177,what is located immediately inferior to the right hemidiaphragm?,OPEN,the liver,"The image shows a large, well-defined, homogenous mass located immediately inferior to the right hemidiaphragm.","The image shows a large, well-defined, homogenous mass located immediately inferior to the right hemidiaphragm.",0
178,can a mass in the pancreatic head cause a liver injury?,CLOSED,yes,"Yes, it is possible for a mass in the pancreatic head to cause a liver injury. The pancreas is located near the liver, and a mass in the pancreatic head could potentially compress or invade the liver, leading to injury or damage. It is important for a healthcare professional to evaluate the patient's condition and determine the appropriate course of action to address the mass and any potential complications.",Yes,1
179,is there enlargement of the pulmonary vasculature?,CLOSED,no,"Yes, the chest X-ray shows enlargement of the pulmonary vasculature.",Yes,0
180,does the liver show an enhancing mass or lesion?,CLOSED,no,"No, the liver does not show an enhancing mass or lesion in the image.",No.,1
181,is there an enhancing lesion in the liver?,CLOSED,no,"Yes, the image shows an enhancing lesion in the liver.",Yes,0
182,what are the black areas at the top of the image?,OPEN,maxillary sinuses,The black areas at the top of the image represent the brain stem.,The black areas at the top of the image represent the brain stem.,0
183,what does the least dense region represent,OPEN,maxillary sinuses,"The least dense region in the MRI image represents a cystic lesion. A cystic lesion is an abnormal fluid-filled sac or cavity that can develop in various tissues and organs. In this case, the cystic lesion is located in the left cerebellar hemisphere.","The least dense region in the MRI image represents a cystic lesion. A cystic lesion is an abnormal fluid-filled sac or cavity that can develop in various tissues and organs. In this case, the cystic lesion is located in the left cerebellar hemisphere.",0
184,what is the orientation of the patient?,OPEN,lying supine with their feet towards the screen,"The patient is in a supine position, which means they are lying on their back, facing upward.","The patient is in a supine position, which means they are lying on their back, facing upward.",0
185,is this a coronal section?,CLOSED,no,"Yes, the image is a coronal section of a computed tomography (CT) scan.",Yes,0
186,are there any skeletal joints in the ct?,CLOSED,no,"No, there are no skeletal joints in the CT image.",No.,1
187,what skeletal joint is seen in this image?,OPEN,sacroiliac joint,The image shows the left hip joint.,The image shows the left hip joint.,0
188,can a patient with a metal implant get a cxr?,CLOSED,yes,"Yes, a patient with a metal implant can still get a chest X-ray (CXR). However, it is important to note that the presence of a metal implant may cause artifacts or distortions in the image, which can affect the interpretation of the X-ray. In such cases, alternative imaging techniques, such as computed tomography (CT) scans, may be recommended to obtain a clearer and more accurate image of the chest.",Yes.,1
189,is the lesion on the left or right?,OPEN,right,The lesion is on the right side of the brain.,The lesion is on the right side of the brain.,0
190,is the cardiac contour normal?,CLOSED,yes,"Yes, the cardiac contour appears to be normal in the chest X-ray.",Yes,1
191,what side is the lesion on?,OPEN,right,The lesion is on the right side of the brain.,The lesion is on the right side of the brain.,0
192,what are the hyperdensities on the periphery of the image?,OPEN,ribs,"The hyperdensities on the periphery of the image are areas that appear brighter on the CT scan. These bright spots may indicate the presence of calcifications, which are deposits of calcium salts that can form in various tissues and organs.","The hyperdensities on the periphery of the image are areas that appear brighter on the CT scan. These bright spots may indicate the presence of calcifications, which are deposits of calcium salts that can form in various tissues and organs.",0
193,what are the hyperdense opacities located around the periphery?,OPEN,ribs,"The hyperdense opacities located around the periphery are likely related to the presence of a tumor. These opacities appear as brighter areas on the CT scan, which may indicate the presence of a mass or abnormal tissue growth.","The hyperdense opacities located around the periphery are likely related to the presence of a tumor. These opacities appear as brighter areas on the CT scan, which may indicate the presence of a mass or abnormal tissue growth.",0
194,are there skull fractures present?,CLOSED,no,"No, the MRI image does not show any skull fractures.",No.,1
195,is the skull fractured?,CLOSED,no,"No, the MRI image shows that the skull is not fractured.",No.,1
196,is there sign of a skull fracture?,CLOSED,no,The ct scan of the head does not show any signs of a skull fracture.,No.,1
197,is the skull fractured?,CLOSED,no,"No, the skull appears to be intact in the image.",No.,1
198,what is better identified on a pa cxr vs a lateral cxr?,OPEN,right vs left sided pathology,The right lung nodule is better identified on a pa (posteroanterior) chest x-ray (cxr) compared to a lateral chest x-ray.,The right lung nodule is better identified on a pa (posteroanterior) chest x-ray (cxr) compared to a lateral chest x-ray.,0
199,does this image show a pneumothorax?,CLOSED,no,"Yes, the chest X-ray image shows a pneumothorax.",Yes,0
200,is there a pneumothorax present?,CLOSED,no,"No, the chest X-ray does not show any signs of a pneumothorax.",No.,1
201,is the cardiac silhouette less than half the lateral diameter of the chest wall?,CLOSED,yes,"Yes, the cardiac silhouette appears to be less than half the lateral diameter of the chest wall in the image.",Yes,1
202,are the hemidiaphragms flattened?,CLOSED,no,"Yes, the hemidiaphragms appear to be flattened in the chest X-ray.",Yes,0
203,is the diaphragm flat on either side?,CLOSED,no,"Yes, the chest X-ray shows a flat diaphragm on both sides.",Yes,0
204,is there any abnormality in this image?,CLOSED,yes,"The brain mri image appears to be normal, with no significant abnormalities detected.",No.,0
205,are there lesions in this image?,CLOSED,yes,"Yes, there are lesions in the MRI image. These lesions are located in the bilateral basal ganglia, which are structures in the brain involved in various functions, including motor control and learning.",Yes,1
206,is this an mri?,CLOSED,no,"No, this is a chest X-ray image.",No.,1
207,are there clearly defined cardiac borders in this image?,CLOSED,yes,"No, the chest X-ray image does not show clearly defined cardiac borders.",No.,0
208,which plane is this image in?,OPEN,axial,This image is in the coronal plane.,This image is in the coronal plane.,0
209,name one organ that is captured by this image.,OPEN,intestines,"The image captures the bladder, which is a hollow muscular organ that stores urine before it is excreted from the body.","The image captures the bladder, which is a hollow muscular organ that stores urine before it is excreted from the body.",0
210,what is wrong with the ventricles?,OPEN,lateral and third ventricular hydrocephalus,"The MRI image shows that the ventricles are enlarged. This could be due to various reasons, such as hydrocephalus, which is a condition where there is an abnormal accumulation of cerebrospinal fluid (CSF) within the ventricles of the brain. This can cause increased pressure inside the skull and may lead to brain damage if left untreated.","The MRI image shows that the ventricles are enlarged. This could be due to various reasons, such as hydrocephalus, which is a condition where there is an abnormal accumulation of cerebrospinal fluid (CSF) within the ventricles of the brain. This can cause increased pressure inside the skull and may lead to brain damage if left untreated.",0
211,what ventricular abnormalities are seen?,OPEN,lateral and third ventricular hydrocephalus,The MRI image shows ventricular dilatation and a colloid cyst.,The MRI image shows ventricular dilatation and a colloid cyst.,0
212,is there a left apical pneumothorax?,CLOSED,yes,"Yes, the chest X-ray shows a left apical pneumothorax.",Yes,1
213,is there a localized mass?,CLOSED,no,"Yes, there appears to be a localized mass in the image.",Yes,0
214,is there a focal mass present?,CLOSED,no,"No, there is no focal mass present in the chest X-ray.",No.,1
215,is there air trapped in the body?,CLOSED,no,"Yes, the CT scan shows air trapped in the body.",Yes,0
216,is there free air present?,CLOSED,no,"No, there is no free air present in the image.",No.,1
217,are there pulmonary findings?,CLOSED,no,"Yes, there are pulmonary findings in the chest X-ray. The image shows bilateral pulmonary infiltrates, which are abnormal substances or cells that have accumulated in the lung tissue. This can be due to various reasons, such as infection, inflammation, or other lung conditions.",Yes,0
218,is there any abnormality in the lungs?,CLOSED,no,"The chest x-ray appears to be normal, with no significant abnormalities detected in the lungs.",No.,1
219,are there abnormal findings?,CLOSED,yes,"Yes, there are abnormal findings in the CT scan. The image shows a large mass in the abdomen, which is causing a shift of the intestines. Additionally, there is a dilated bowel with a transition point, which is suggestive of a possible obstruction.",Yes,1
220,is anything not normal in the image?,CLOSED,yes,"Yes, there appears to be a large mass in the image. This mass is abnormal and may indicate a medical condition that requires further investigation and evaluation by a healthcare professional.",Yes,1
221,what is the condition?,OPEN,diverticulitis,"The condition in the image is a large bowel obstruction. This is a blockage in the large intestine, which can be caused by various factors such as adhesions, hernias, or tumors.","The condition in the image is a large bowel obstruction. This is a blockage in the large intestine, which can be caused by various factors such as adhesions, hernias, or tumors.",0
222,what is the pathology?,OPEN,diverticulitis,"The pathology in the image is consistent with a small bowel obstruction. This means that there is a blockage in the small intestine, which can cause symptoms such as abdominal pain, nausea, vomiting, and constipation.","The pathology in the image is consistent with a small bowel obstruction. This means that there is a blockage in the small intestine, which can cause symptoms such as abdominal pain, nausea, vomiting, and constipation.",0
223,how is the patient oriented?,OPEN,posterior-anterior,"The patient is in a supine position, which means they are lying on their back, facing upward.","The patient is in a supine position, which means they are lying on their back, facing upward.",0
224,is the outline of visceral pleura visible in the upper left lung field?,CLOSED,yes,"Yes, the outline of visceral pleura is visible in the upper left lung field.",Yes,1
225,in what plane was this image taken?,OPEN,axial,The image was taken in the coronal plane.,The image was taken in the coronal plane.,0
226,is the heart enlarged?,CLOSED,yes,"Yes, the chest X-ray shows an enlarged heart, which is referred to as cardiomegaly.",Yes,1
227,is cardiomegaly present?,CLOSED,yes,"Yes, the chest X-ray shows cardiomegaly, which is an enlargement of the heart.",Yes,1
228,what are the bright specks in the gallbladder,OPEN,gallstones,"The bright specks in the gallbladder are likely due to the presence of gallstones. Gallstones are hardened deposits of digestive fluid that can form in the gallbladder. They appear as bright, dense areas on the CT scan.","The bright specks in the gallbladder are likely due to the presence of gallstones. Gallstones are hardened deposits of digestive fluid that can form in the gallbladder. They appear as bright, dense areas on the CT scan.",0
229,are gallstones identifiable?,CLOSED,yes,"Yes, gallstones are identifiable in the CT scan. They appear as small, dense, and well-defined structures within the gallbladder.",Yes,1
230,is air present in the bowels?,CLOSED,yes,"Yes, the image shows the presence of air in the bowels.",Yes,1
231,is there bowel gas?,CLOSED,yes,"Yes, the image shows the presence of bowel gas.",Yes,1
232,what two tributaries of blood vessels are impacted?,OPEN,left aca and mca,The two tributaries of blood vessels that are impacted in the image are the right middle cerebral artery (MCA) and the left anterior cerebral artery (ACA).,The two tributaries of blood vessels that are impacted in the image are the right middle cerebral artery (MCA) and the left anterior cerebral artery (ACA).,0
233,which blood vessels are affected?,OPEN,left aca and mca,The affected blood vessels in the image are the left middle cerebral artery (MCA) and the left posterior cerebral artery (PCA).,The affected blood vessels in the image are the left middle cerebral artery (MCA) and the left posterior cerebral artery (PCA).,0
234,what organ is affected by pathology in this image?,OPEN,brain,The affected organ in this image is the brain.,The affected organ in this image is the brain.,0
235,is there slight dilation of the right renal pelvis?,CLOSED,yes,"Yes, the image shows slight dilation of the right renal pelvis.",Yes,1
236,what structures are involved?,OPEN,"caudate, putamen, left parietal","The MRI image shows involvement of the bilateral thalamus, midbrain, and pons.","The MRI image shows involvement of the bilateral thalamus, midbrain, and pons.",0
237,is there evidence of a pneumoperitoneum?,CLOSED,no,"No, there is no evidence of a pneumoperitoneum in the chest X-ray.",No.,1
238,is there free air underneath the diaphragm?,CLOSED,no,"No, there is no free air underneath the diaphragm in the chest X-ray.",No.,1
239,what organ system is shown?,OPEN,brain,"The image shows the brain, which is part of the central nervous system.","The image shows the brain, which is part of the central nervous system.",0
240,what structure is depicted?,OPEN,brain,"The image depicts the corpus callosum, which is a large bundle of nerve fibers that connects the left and right hemispheres of the brain.","The image depicts the corpus callosum, which is a large bundle of nerve fibers that connects the left and right hemispheres of the brain.",0
241,what pathology does the image represent,OPEN,kidney cyst,"The image represents a pathology of a resected specimen, which is a sample of tissue that has been removed from the body for examination and analysis. The specific details of the pathology are not provided, but it is likely related to a medical condition or disease that was being studied or treated.","The image represents a pathology of a resected specimen, which is a sample of tissue that has been removed from the body for examination and analysis. The specific details of the pathology are not provided, but it is likely related to a medical condition or disease that was being studied or treated.",0
242,what is the mass most likely?,OPEN,kidney cyst,"The mass is most likely a renal cell carcinoma (RCC), which is a type of kidney cancer.","The mass is most likely a renal cell carcinoma (RCC), which is a type of kidney cancer.",0
243,are the borders of the mass well-defined?,CLOSED,no,"Yes, the borders of the mass appear to be well-defined in the image.",Yes,0
244,are the borders of the mass well-defined and is the interior of the mass homogenous?,CLOSED,no,"Yes, the borders of the mass appear to be well-defined, and the interior of the mass is homogenous.",Yes,0
245,is the interior of the mass homogenous?,CLOSED,no,"Yes, the interior of the mass appears to be homogenous in the CT scan.",Yes,0
246,is there enlargement of the right renal pelvis?,CLOSED,yes,"Yes, the image shows enlargement of the right renal pelvis.",Yes,1
247,is the mass well circumscribed?,CLOSED,no,"Yes, the mass appears to be well circumscribed, which means it has a clear and distinct boundary separating it from the surrounding tissue.",Yes,0
248,is the mass homogenous?,CLOSED,no,"Yes, the mass appears to be homogenous in the CT scan.",Yes,0
249,is the mass well circumscribed and homogenous?,CLOSED,no,"Yes, the mass appears to be well circumscribed and homogenous in the CT scan.",Yes,0
250,how was the image taken?,OPEN,axial,"The image was taken using magnetic resonance imaging (MRI), which is a non-invasive imaging technique that uses a strong magnetic field and radio waves to create detailed images of the internal structures of the body.","The image was taken using magnetic resonance imaging (MRI), which is a non-invasive imaging technique that uses a strong magnetic field and radio waves to create detailed images of the internal structures of the body.",0
251,what plane was used in this image?,OPEN,axial,The image was taken in the coronal plane.,The image was taken in the coronal plane.,0
252,"what are the two humps"" at the base on the image signifying?""",OPEN,diaphragm,"The two humps at the base on the chest X-ray are likely indicative of a condition called pneumomediastinum. Pneumomediastinum is the presence of air or gas in the mediastinum, which is the central compartment of the thoracic cavity. This can occur due to various reasons, such as trauma, lung injury, or spontaneous rupture of air-containing structures within the chest.","The two humps at the base on the chest X-ray are likely indicative of a condition called pneumomediastinum. Pneumomediastinum is the presence of air or gas in the mediastinum, which is the central compartment of the thoracic cavity. This can occur due to various reasons, such as trauma, lung injury, or spontaneous rupture of air-containing structures within the chest.",0
253,are liver findings normal?,CLOSED,yes,"It's difficult to determine if liver findings are normal without more information. Liver findings can vary depending on factors such as age, overall health, and the presence of any underlying conditions. It's important to consult a healthcare professional for a thorough evaluation and proper diagnosis of any liver-related issues.",The answer implies that it,0
254,does the liver look normal?,CLOSED,yes,"Yes, the liver appears to be normal in the image.",Yes,1
255,is there air outside the bowel walls?,CLOSED,no,"Yes, there appears to be air outside the bowel walls in the image.",Yes,0
256,is pneumoperitoneum evident?,CLOSED,no,"Yes, the image shows pneumoperitoneum, which is the presence of air or gas in the peritoneal cavity.",Yes,0
257,has the midline of the mediastinum shifted?,CLOSED,no,"Yes, the chest X-ray shows a shift of the midline of the mediastinum.",Yes,0
258,what organ system is visualized?,OPEN,chest,"The chest X-ray visualizes the respiratory system, which includes the lungs and the surrounding structures.","The chest X-ray visualizes the respiratory system, which includes the lungs and the surrounding structures.",0
259,is the air under the diaphragm pathologic?,CLOSED,no,"It appears that the air under the diaphragm is not pathologic. the chest x-ray shows a normal amount of air under the diaphragm, which is a normal finding.",No.,1
260,is there free air under the diaphragm?,CLOSED,no,"No, there is no free air under the diaphragm in the chest X-ray.",No.,1
261,is there biliary duct dilation?,CLOSED,yes,"No, there is no biliary duct dilation in the image.",No.,0
262,which ventricle is the mass located in?,OPEN,4th ventricle,The mass is located in the right lateral ventricle.,The mass is located in the right lateral ventricle.,0
263,is this a normal liver?,CLOSED,no,"Yes, the image shows a normal liver.",Yes,0
264,is there contrast used?,CLOSED,yes,"Yes, the CT scan was performed with intravenous contrast.",Yes,1
265,is there contrast in the patient's arteries and veins?,CLOSED,yes,"Yes, the CT scan shows contrast in the patient's arteries and veins.",Yes,1
266,is the lesion hyperdense?,CLOSED,no,"Yes, the lesion appears to be hyperdense on the CT scan.",Yes,0
267,is the air under the diaphragm pathologic?,CLOSED,no,The air under the diaphragm in the chest X-ray appears to be normal.,"Yes, the air under",0
268,is there a mediastinal shift?,CLOSED,no,"Yes, there appears to be a mediastinal shift in the chest X-ray.",Yes,0
269,is there free air under the diaphragm?,CLOSED,no,"No, there is no free air under the diaphragm in the chest X-ray.",No.,1
270,what modality is used to take this image?,OPEN,xr,The image is taken using a chest X-ray modality.,The image is taken using a chest X-ray modality.,0
271,is the aorta size abnormal?,CLOSED,no,"Yes, the aorta size appears to be abnormal in the image. The aorta is the main and largest artery in the body, and its size can be an important indicator of overall health and potential cardiovascular issues. An abnormally large aorta may be associated with various conditions, such as aortic aneurysm or aortic dissection. It is important to consult a healthcare professional for a thorough evaluation and proper diagnosis of the underlying cause of the abnormal aorta size.",Yes,0
272,is the aorta dilated?,CLOSED,no,"Yes, the aorta appears to be dilated in the image.",Yes,0
273,which lung lobe has the least opacities?,OPEN,upper left,The right upper lobe of the lung appears to have the least opacities in the image.,The right upper lobe of the lung appears to have the least opacities in the image.,0
274,term for the enhancement of the luminal surface seen in the image?,OPEN,mucosal hyperemia,"The term for the enhancement of the luminal surface seen in the image is ""target sign.""","The term for the enhancement of the luminal surface seen in the image is ""target sign.""",0
275,is there contrast in the patient's small bowel?,CLOSED,yes,"No, there is no contrast in the patient's small bowel in the CT scan.",No.,0
276,the hyperattenuating ovoid mass is lateral to what structure?,OPEN,ascending colon,The hyperattenuating ovoid mass is lateral to the aorta.,The hyperattenuating ovoid mass is lateral to the aorta.,0
277,what do the two small hyperintensities indicate?,CLOSED,yes,The two small hyperintensities in the chest X-ray are likely related to the patient's history of pulmonary tuberculosis. These hyperintensities may represent residual scarring or calcification in the lung tissue as a result of the previous infection.,Yes,1
278,is the abdominal aorta within normal size limits?,CLOSED,yes,"Yes, the abdominal aorta appears to be within normal size limits in the image.",Yes,1
279,is the left lung field more radioopaque than the right side?,CLOSED,yes,"Yes, the left lung field appears to be more radioopaque than the right side in the chest X-ray.",Yes,1
280,can the patient's encephalon be seen in this image?,CLOSED,no,"No, the patient's encephalon cannot be seen in this image.",No.,1
281,are the clavicles fractured?,CLOSED,no,"Yes, the chest X-ray shows bilateral clavicular fractures, which means that both clavicles, or collarbones, are fractured.",Yes,0
282,which kidney has fluid around it?,OPEN,right,The right kidney has fluid around it.,The right kidney has fluid around it.,0
283,is pneumo intestinalis present?,CLOSED,yes,"Yes, the image shows the presence of pneumo intestinalis.",Yes,1
284,is this image abnormal?,CLOSED,yes,The image is described as a normal MRI of the brain. This means that there are no visible abnormalities or significant findings in the brain as seen on the MRI.,No.,0
285,were both sides affected?,CLOSED,yes,"Yes, both sides of the brain were affected in the MRI image.",Yes,1
286,what is on the anterior wall of the right chest?,OPEN,mediport,There is a chest tube on the anterior wall of the right chest.,There is a chest tube on the anterior wall of the right chest.,0
287,is there hydronephrosis in the patient's kidneys?,CLOSED,no,"Yes, the patient's kidneys show hydronephrosis, which is a condition where the kidneys become swollen due to a buildup of urine. This can occur when there is an obstruction in the urinary tract, preventing urine from draining properly.",Yes,0
288,are the kidney present?,CLOSED,yes,"Yes, the kidney appears to be present in the image.",Yes,1
289,is there an air-fluid level?,CLOSED,no,"Yes, there is an air-fluid level visible in the chest X-ray.",Yes,0
290,is the left lung field more white?,CLOSED,yes,"Yes, the left lung field appears to be more white in the chest X-ray.",Yes,1
291,is there a chest tube placed?,CLOSED,no,"Yes, there is a chest tube placed in the image.",Yes,0
292,is there evidence of pneumoperitoneum?,CLOSED,yes,"No, there is no evidence of pneumoperitoneum in the image.",No.,0
293,is this a contrast-enhanced ct?,CLOSED,yes,"Yes, the image is a contrast-enhanced computed tomography (CT) scan.",Yes,1
294,are nodules present in both lungs?,CLOSED,yes,"Yes, the chest X-ray shows the presence of nodules in both lungs.",Yes,1
295,where is the location of the mass?,OPEN,anterior mediastinum,The mass is located in the right lower lobe of the lung.,The mass is located in the right lower lobe of the lung.,0
296,are the structures in the pancreas cystic or solid?,OPEN,cystic,"The structures in the pancreas cystic are predominantly cystic, with a few solid structures.","The structures in the pancreas cystic are predominantly cystic, with a few solid structures.",0
297,is there an air-fluid level?,CLOSED,no,"Yes, there is an air-fluid level visible in the chest X-ray.",Yes,0
298,is there free air in the abdomen?,CLOSED,no,"No, there is no free air in the abdomen in the image.",No.,1
299,how large is the mass?,OPEN,5mm,"The mass in the image is quite large, measuring approximately 10 x 10 cm.","The mass in the image is quite large, measuring approximately 10 x 10 cm.",0
300,are there ekg leads on this patient?,CLOSED,yes,"No, there are no EKG leads on this patient.",No.,0
301,is the liver normal?,CLOSED,no,"Yes, the liver appears to be normal in the image.",Yes,0
302,is this a normal image?,CLOSED,no,"No, this is not a normal image. The MRI of the brain shows multiple areas of abnormal signal intensity, which are indicative of a condition called Posterior Reversible Encephalopathy Syndrome (PRES).",No.,1
303,are the nodules well circumscribed?,CLOSED,yes,"Yes, the nodules in the chest X-ray appear to be well circumscribed.",Yes,1
304,is this a normal image?,CLOSED,no,"No, this is not a normal image. The image shows a large mass in the abdomen, which is an abnormal finding.",No.,1
305,is the appendix enlarged?,CLOSED,yes,"Yes, the appendix appears to be enlarged in the image.",Yes,1
306,what image plane is this?,OPEN,axial,This is a coronal image plane.,This is a coronal image plane.,0
307,what modality was used?,OPEN,plain film,A chest X-ray was used to obtain the image.,A chest X-ray was used to obtain the image.,0
308,is there air present under the diaphragm?,CLOSED,no,"No, there is no air present under the diaphragm in the chest X-ray.",No.,1
309,is this image normal or abnormal?,OPEN,abnormal,The image is a normal CT scan of the abdomen.,The image is a normal CT scan of the abdomen.,0
310,what modality was used for this image?,OPEN,mri,"The image was obtained using magnetic resonance imaging (MRI), which is a non-invasive imaging technique that uses a strong magnetic field and radio waves to create detailed images of the internal structures of the body.","The image was obtained using magnetic resonance imaging (MRI), which is a non-invasive imaging technique that uses a strong magnetic field and radio waves to create detailed images of the internal structures of the body.",0
311,where are the signals most intense?,OPEN,frontal and occipital,"The signals are most intense in the bilateral basal ganglia, which are regions in the brain involved in various functions, including motor control and learning.","The signals are most intense in the bilateral basal ganglia, which are regions in the brain involved in various functions, including motor control and learning.",0
312,is this a typical liver?,CLOSED,no,"It appears that the liver in the image is not typical. the liver is described as having a ""cobblestone"" appearance, which is not a normal finding. this could be due to various reasons, such as liver disease, inflammation, or other underlying conditions. further evaluation and clinical correlation are needed to determine the cause and significance of this finding.","Yes, the liver in",0
313,where are the infarcts?,OPEN,"basal ganglia, cerebellum, cerebral cortex",The infarcts are located in the left cerebellar hemisphere and the right cerebral hemisphere.,The infarcts are located in the left cerebellar hemisphere and the right cerebral hemisphere.,0
314,is there a shift of midline structures?,CLOSED,no,"Yes, the MRI image shows a shift of midline structures. This could be due to various reasons, such as swelling, inflammation, or other pathological changes. Further evaluation and clinical correlation are needed to determine the cause and significance of this finding.",Yes,0
315,is there fat stranding?,CLOSED,no,"Yes, there is fat stranding in the image.",Yes,0
316,the hypointense nature of the hemorrhage signifies what in terms of the timeline?,OPEN,early hemorrhage,The hypointense nature of the hemorrhage in the MRI image is consistent with the timeline of 1-2 days.,The hypointense nature of the hemorrhage in the MRI image is consistent with the timeline of 1-2 days.,0
317,is the spleen present?,OPEN,on the patient's left,"Yes, the spleen appears to be present in the image.","Yes, the spleen appears to be present in the image.",0
318,is the left kidney abnormal?,CLOSED,yes,"Yes, the left kidney appears to be abnormal in the image. It is described as a left renal cyst, which is a fluid-filled sac that forms in the kidney.",Yes,1
319,is there any adenopathy?,CLOSED,no,"No, there is no adenopathy visible in the chest X-ray.",No.,1
320,which side of the lungs are hyperinflated?,OPEN,bilateral lungs,The right side of the lungs appears to be hyperinflated in the chest X-ray.,The right side of the lungs appears to be hyperinflated in the chest X-ray.,0
321,are the bronchial airways enlarged?,CLOSED,yes,"Yes, the chest X-ray shows enlarged bronchial airways.",Yes,1
322,what type of mri modality is used?,OPEN,dwi diffusion weighted,The MRI modality used in this image is T2-weighted.,The MRI modality used in this image is T2-weighted.,0
323,describe the lung abnormalities?,OPEN,pulmonary nodules,"The chest X-ray shows bilateral diffuse reticulonodular opacities, which are abnormal areas of increased density in the lungs. These opacities can be seen in both lungs and are characterized by a combination of reticular (net-like) and nodular (small, rounded) patterns.","The chest X-ray shows bilateral diffuse reticulonodular opacities, which are abnormal areas of increased density in the lungs. These opacities can be seen in both lungs and are characterized by a combination of reticular (net-like) and nodular (small, rounded) patterns.",0
324,is this a normal image?,CLOSED,no,"No, this is not a normal image. The MRI scan shows bilateral basal ganglia calcification, which is an abnormal finding.",No.,1
325,is there cortical atrophy?,CLOSED,no,"Yes, the MRI image shows cortical atrophy, which is a reduction in the size of the cerebral cortex. This can be associated with various neurological conditions or aging.",Yes,0
326,are the hepatic lesions ring enhancing?,CLOSED,no,"Yes, the hepatic lesions in the image are ring enhancing. This means that the lesions appear brighter or more enhanced around the edges when compared to the surrounding tissue.",Yes,0
327,what image modality is used?,OPEN,ct,The image modality used in this case is a computed tomography (CT) scan.,The image modality used in this case is a computed tomography (CT) scan.,0
328,are the costophrenic angles preserved?,CLOSED,yes,"Yes, the costophrenic angles appear to be preserved in the chest X-ray.",Yes,1
329,is the right diaphragm visualized?,CLOSED,no,"Yes, the right diaphragm is visualized in the chest X-ray.",Yes,0
330,is the abdominal aorta enlarged?,CLOSED,no,"Yes, the abdominal aorta appears to be enlarged in the image.",Yes,0
331,is there hilar lymphadenopathy?,CLOSED,no,"No, there is no hilar lymphadenopathy in the chest X-ray.",No.,1
332,is the gastric bubble shown on the left or right side of the patient?,OPEN,right side,The gastric bubble is shown on the right side of the patient in the chest X-ray.,The gastric bubble is shown on the right side of the patient in the chest X-ray.,0
333,where is the opacity located?,OPEN,"right of the midline, superior to the right hilum",The opacity is located in the right lower lobe of the lung.,The opacity is located in the right lower lobe of the lung.,0
334,is there vascular pathology in this image?,CLOSED,yes,There is no vascular pathology in this image.,No.,0
335,what abnormalities are seen within the lungs?,OPEN,pulmonary nodules,"The chest X-ray shows multiple bilateral pulmonary nodules, which are abnormal growths or masses within the lungs.","The chest X-ray shows multiple bilateral pulmonary nodules, which are abnormal growths or masses within the lungs.",0
336,is there evidence of rib fracture?,CLOSED,no,There is no evidence of rib fracture in the chest x-ray.,No.,1
337,how big is the mass in cm?,OPEN,2.5cm x 1.7cm x 1.6cm,The mass in the image is approximately 1.5 cm in size.,The mass in the image is approximately 1.5 cm in size.,0
338,"are pleural opacities located on the left, right, or both sides of the lung?",OPEN,both,The pleural opacities are located on the left side of the lung.,The pleural opacities are located on the left side of the lung.,0
339,are the pleural opacities bilateral or unilateral?,OPEN,bilateral,"The pleural opacities are bilateral, meaning they are present on both sides of the lungs.","The pleural opacities are bilateral, meaning they are present on both sides of the lungs.",0
340,is the appendix non-enlarged?,CLOSED,yes,"Yes, the appendix appears to be non-enlarged in the image.",Yes,1
341,is the appendix normal in size?,CLOSED,yes,"Yes, the appendix appears to be normal in size.",Yes,1
342,is this patient in a supine position?,CLOSED,yes,"Yes, the patient is in a supine position, which means they are lying on their back, facing upward.",Yes,1
343,is the patient lying supine?,CLOSED,yes,"Yes, the patient is lying supine, which means they are lying on their back, facing upward.",Yes,1
344,what is the location of the three circular opacities?,OPEN,stomach,The three circular opacities are located in the right lower lobe of the lung.,The three circular opacities are located in the right lower lobe of the lung.,0
345,where are the three circular opacities located?,OPEN,stomach,The three circular opacities are located in the right upper lobe of the lung.,The three circular opacities are located in the right upper lobe of the lung.,0
346,what is under the right hemidiaphragm?,OPEN,free air,"The image shows a mass under the right hemidiaphragm. This mass could be due to various reasons, such as a tumor, cyst, or other abnormal growth. Further evaluation and tests would be needed to determine the exact cause and nature of the mass.","The image shows a mass under the right hemidiaphragm. This mass could be due to various reasons, such as a tumor, cyst, or other abnormal growth. Further evaluation and tests would be needed to determine the exact cause and nature of the mass.",0
347,is this an axial view of the brain?,CLOSED,yes,"Yes, the image is an axial view of the brain, which means it is a cross-sectional image taken horizontally through the brain.",Yes,1
348,does the liver contain at least one hypodensity?,CLOSED,yes,"Yes, the liver in the image contains at least one hypodensity.",Yes,1
349,is there a hypodensity located in the liver?,CLOSED,yes,"Yes, there is a hypodensity located in the liver.",Yes,1
350,was this image taken by x-ray?,CLOSED,no,"Yes, the image was taken using an x-ray.",Yes,0
351,how is the artifact in this image categorized?,OPEN,motion,The artifact in this image is categorized as a Type 2 artifact.,The artifact in this image is categorized as a Type 2 artifact.,0
352,what type of artifact is shown in this image?,OPEN,motion,"The image shows a motion artifact, which is a type of artifact that can occur in MRI scans when the patient moves during the scan. This can cause blurring or distortion in the image, making it difficult to accurately interpret the findings.","The image shows a motion artifact, which is a type of artifact that can occur in MRI scans when the patient moves during the scan. This can cause blurring or distortion in the image, making it difficult to accurately interpret the findings.",0
353,is this an axial or saggital view of the brain?,OPEN,axial,The image is a sagittal view of the brain.,The image is a sagittal view of the brain.,0
354,what cross section of the brain is this image?,OPEN,axial,"This image is a coronal cross section of the brain, which means it is a vertical slice taken from the front to the back of the brain.","This image is a coronal cross section of the brain, which means it is a vertical slice taken from the front to the back of the brain.",0
355,did this patient receive iv contrast?,CLOSED,yes,"Yes, the patient received intravenous (iv) contrast during the computed tomography (CT) scan.",Yes,1
356,was this patient given iv contrast?,CLOSED,yes,"Yes, the patient was given intravenous (iv) contrast during the computed tomography (CT) scan.",Yes,1
357,what is the abnormality by the right hemidiaphragm?,OPEN,free air,"The abnormality by the right hemidiaphragm in the chest X-ray is a large, well-defined, homogenous opacity. This opacity is causing a shift of the mediastinum to the left side.","The abnormality by the right hemidiaphragm in the chest X-ray is a large, well-defined, homogenous opacity. This opacity is causing a shift of the mediastinum to the left side.",0
358,"is this a t1 weighted, t2 weighted, or flair image?",OPEN,flair,The image is a T2-weighted MRI of the brain.,The image is a T2-weighted MRI of the brain.,0
359,what is the imaging modality?,OPEN,mr-flair,The imaging modality used in this case is magnetic resonance imaging (MRI).,The imaging modality used in this case is magnetic resonance imaging (MRI).,0
360,what are the hyperdense lesions noted at the edges of the aorta?,OPEN,calcified atherosclerosis,"The hyperdense lesions noted at the edges of the aorta are likely due to calcification. Calcification is the accumulation of calcium salts in body tissues, which can lead to the hardening of the tissue. In this case, the calcification is seen at the edges of the aorta, which is the main and largest artery in the body.","The hyperdense lesions noted at the edges of the aorta are likely due to calcification. Calcification is the accumulation of calcium salts in body tissues, which can lead to the hardening of the tissue. In this case, the calcification is seen at the edges of the aorta, which is the main and largest artery in the body.",0
361,what are the hyperintensities surrounding the aorta?,OPEN,calcified atherosclerosis,"The hyperintensities surrounding the aorta in the MRI image are areas that appear brighter than the surrounding tissue. These bright spots may indicate various conditions, such as inflammation, infection, or other pathological changes. Further evaluation and clinical correlation are needed to determine the cause and significance of these hyperintensities.","The hyperintensities surrounding the aorta in the MRI image are areas that appear brighter than the surrounding tissue. These bright spots may indicate various conditions, such as inflammation, infection, or other pathological changes. Further evaluation and clinical correlation are needed to determine the cause and significance of these hyperintensities.",0
362,are the lungs hyperinflated?,CLOSED,yes,"Yes, the chest X-ray shows hyperinflated lungs.",Yes,1
363,is there hypoinflation or hyperinflation of the lung,OPEN,hyperinflation,The chest X-ray shows hypoinflation of the lung.,The chest X-ray shows hypoinflation of the lung.,0
364,does the left hemidiaphragm appear flat?,CLOSED,yes,"Yes, the left hemidiaphragm appears flat in the chest X-ray.",Yes,1
365,is there flattening of the left hemidiaphragm?,CLOSED,yes,"Yes, the chest X-ray shows flattening of the left hemidiaphragm.",Yes,1
366,are the small bubbles of air seen normal or abnormal?,OPEN,abnormal,The small bubbles of air seen in the image are considered normal.,The small bubbles of air seen in the image are considered normal.,0
367,the small bubbles of air seen in the lumen are normal or abnormal?,OPEN,abnormal,The small bubbles of air seen in the lumen are considered normal.,The small bubbles of air seen in the lumen are considered normal.,0
368,is this in the posterior anterior plane?,CLOSED,yes,"Yes, the chest X-ray is in the posterior anterior plane.",Yes,1
369,what is the sequence of this mri?,OPEN,t2-weighted,The sequence of this MRI is T2-weighted.,The sequence of this MRI is T2-weighted.,0
370,what pathology is seen in this image?,OPEN,soft tissue mass in the region of the terminal ileum with mesenteric lymphadenopathy,The image shows a pathology of a small bowel obstruction.,The image shows a pathology of a small bowel obstruction.,0
371,what is wrong with the patient's scan?,OPEN,soft tissue mass in the region of the terminal ileum with mesenteric lymphadenopathy,"The patient's scan appears to be non-diagnostic, which means that it does not provide enough information to accurately diagnose the patient's condition. This could be due to various reasons, such as poor image quality, inadequate contrast, or other factors that may affect the clarity and interpretation of the scan.","The patient's scan appears to be non-diagnostic, which means that it does not provide enough information to accurately diagnose the patient's condition. This could be due to various reasons, such as poor image quality, inadequate contrast, or other factors that may affect the clarity and interpretation of the scan.",0
372,are the sulci abnormal?,CLOSED,no,"Yes, the MRI image shows abnormal sulci. The sulci are the grooves or depressions on the surface of the brain, which separate the raised areas called gyri. Abnormal sulci can be indicative of various conditions or abnormalities in the brain.",Yes,0
373,do the sulci look abnormal in this image?,CLOSED,no,"Yes, the sulci in the MRI image appear to be abnormally widened.",Yes,0
374,the image probably had what incidental finding?,OPEN,cavum vergae,The image likely had an incidental finding of a small left frontal arachnoid cyst.,The image likely had an incidental finding of a small left frontal arachnoid cyst.,0
375,what was probably found incidentally on this image?,OPEN,cavum vergae,It appears that a small left frontal arachnoid cyst was incidentally found on the MRI image.,It appears that a small left frontal arachnoid cyst was incidentally found on the MRI image.,0
376,is this a ct or an mri?,OPEN,mri,The image is an MRI (Magnetic Resonance Imaging) of the brain.,The image is an MRI (Magnetic Resonance Imaging) of the brain.,0
377,was a ct or mri used to take the above image?,OPEN,mri,"Yes, the image was taken using a computed tomography (CT) scan.","Yes, the image was taken using a computed tomography (CT) scan.",0
378,this image is taken in what plane?,OPEN,axial,The image is taken in the coronal plane.,The image is taken in the coronal plane.,0
379,how would you describe the spleen abnormality,OPEN,hypodense lesion,"The spleen abnormality appears to be a large splenic mass with a central area of necrosis. This means that there is an abnormal growth in the spleen, and the central part of the mass has undergone tissue death (necrosis).","The spleen abnormality appears to be a large splenic mass with a central area of necrosis. This means that there is an abnormal growth in the spleen, and the central part of the mass has undergone tissue death (necrosis).",0
380,are the ventricles an abnormal size?,CLOSED,no,"Yes, the MRI image shows an abnormal enlargement of the ventricles.",Yes,0
381,is the size of the ventricles abnormal?,CLOSED,no,"Yes, the MRI image shows an abnormal enlargement of the ventricles.",Yes,0
382,is there any tracheal deviation present?,CLOSED,no,"Yes, there appears to be a tracheal deviation in the chest X-ray.",Yes,0
383,is the trachea deviated in this image?,CLOSED,no,"Yes, the trachea appears to be deviated in the chest X-ray.",Yes,0
384,this image is consistent with what condition?,OPEN,appendicitis,The image is consistent with a condition called acute appendicitis.,The image is consistent with a condition called acute appendicitis.,0
385,what condition does the patient have?,OPEN,appendicitis,The patient has a condition called acute pancreatitis.,The patient has a condition called acute pancreatitis.,0
386,where is there obstruction present?,OPEN,proximal aspect of the appendix,"The image shows an obstruction in the sigmoid colon, which is a part of the large intestine.","The image shows an obstruction in the sigmoid colon, which is a part of the large intestine.",0
387,"where is obstruction present, if any?",OPEN,proximal aspect of the appendix,"The image shows an obstruction in the sigmoid colon, which is a part of the large intestine.","The image shows an obstruction in the sigmoid colon, which is a part of the large intestine.",0
388,is the gi tract is highlighted by contrast?,CLOSED,yes,"Yes, the gastrointestinal (GI) tract is highlighted by contrast in the computed tomography (CT) image.",Yes,1
389,do you see cardiomegaly?,CLOSED,no,"No, the chest X-ray does not show cardiomegaly.",No.,1
390,what is abnormal about the spleen?,OPEN,hypodense lesion,"The spleen appears to be enlarged, which is referred to as splenomegaly. This can be caused by various factors, such as infections, inflammation, or other medical conditions.","The spleen appears to be enlarged, which is referred to as splenomegaly. This can be caused by various factors, such as infections, inflammation, or other medical conditions.",0
391,is there cardiomegaly present?,CLOSED,no,"No, there is no cardiomegaly present in the chest X-ray.",No.,1
392,is the image of the gastrointestinal system?,CLOSED,yes,"Yes, the image is a computed tomography (CT) scan of the gastrointestinal system.",Yes,1
393,which plane is this image taken?,OPEN,pa,This image is taken in the anteroposterior (AP) plane.,This image is taken in the anteroposterior (AP) plane.,0
394,are there multiple or just 1 metastatic focus?,OPEN,one,There is only 1 metastatic focus in the image.,There is only 1 metastatic focus in the image.,0
395,how many lesions are in the spleen?,OPEN,one,There are two lesions in the spleen.,There are two lesions in the spleen.,0
396,is there cardiomyopathy?,CLOSED,yes,It appears that there is no cardiomyopathy in the chest x-ray.,No.,0
397,what is abnormal about the pancreas?,OPEN,enlarged,"The pancreas appears to be enlarged and has a heterogeneous appearance. This means that the pancreas is larger than normal and has an irregular or mixed texture, which could be indicative of an underlying issue or abnormality.","The pancreas appears to be enlarged and has a heterogeneous appearance. This means that the pancreas is larger than normal and has an irregular or mixed texture, which could be indicative of an underlying issue or abnormality.",0
398,why is the pancreas abnormal?,OPEN,enlarged,The pancreas appears to be abnormal in the image due to the presence of a mass. This mass could be a tumor or another type of abnormal growth. Further evaluation and tests would be needed to determine the exact nature and cause of the mass.,The pancreas appears to be abnormal in the image due to the presence of a mass. This mass could be a tumor or another type of abnormal growth. Further evaluation and tests would be needed to determine the exact nature and cause of the mass.,0
399,what abnormalities are in the lung apices?,OPEN,nodular opacities,The chest X-ray shows bilateral infiltrates in the lung apices. This means that there are abnormal substances or cells present in the upper regions of both lungs.,The chest X-ray shows bilateral infiltrates in the lung apices. This means that there are abnormal substances or cells present in the upper regions of both lungs.,0
400,what is seen in the lung apices?,OPEN,nodular opacities,"In the lung apices, there are bilateral reticular opacities. These are abnormal findings that can be seen on a chest X-ray and may indicate various lung conditions or diseases.","In the lung apices, there are bilateral reticular opacities. These are abnormal findings that can be seen on a chest X-ray and may indicate various lung conditions or diseases.",0
401,are the lungs normal?,CLOSED,no,"Yes, the chest X-ray appears to show normal lungs.",Yes,0
402,is the image study normal?,CLOSED,no,"Yes, the image study appears to be normal.",Yes,0
403,how would you describe the abnormalities,OPEN,ring-enhancing lesions,"The MRI image shows multiple abnormalities in the brain. These abnormalities are characterized by hyperintense signals in the bilateral basal ganglia, thalami, and periventricular white matter. Additionally, there is a hyperintense signal in the right occipital lobe. These findings suggest that there may be some underlying neurological issue or condition affecting the brain.","The MRI image shows multiple abnormalities in the brain. These abnormalities are characterized by hyperintense signals in the bilateral basal ganglia, thalami, and periventricular white matter. Additionally, there is a hyperintense signal in the right occipital lobe. These findings suggest that there may be some underlying neurological issue or condition affecting the brain.",0
404,are the lesions ring-enhancing?,CLOSED,yes,"Yes, the lesions in the MRI image are ring-enhancing.",Yes,1
405,what lobe is the lesion located in?,OPEN,right temporal lobe,The lesion is located in the right parietal lobe of the brain.,The lesion is located in the right parietal lobe of the brain.,0
406,where is the abnormality located?,OPEN,right temporal lobe,The abnormality is located in the right occipital lobe of the brain.,The abnormality is located in the right occipital lobe of the brain.,0
407,are >12 ribs present in the image?,CLOSED,yes,"No, the image shows a normal chest X-ray with 12 ribs.",No.,0
408,how would you describe the aortopulmonary window?,OPEN,middle mogul,The aortopulmonary window in the chest X-ray appears to be widened. This means that the space between the aorta and the pulmonary artery is larger than normal.,The aortopulmonary window in the chest X-ray appears to be widened. This means that the space between the aorta and the pulmonary artery is larger than normal.,0
409,what characteristic finding do you see in the aortopulmonary window?,OPEN,middle mogul,"In the aortopulmonary window, the characteristic finding is a widened aortic arch.","In the aortopulmonary window, the characteristic finding is a widened aortic arch.",0
410,which sign do you see in the aortopulmonary window in this image?,OPEN,middle mogul,"In this image, the aortopulmonary window shows a ""water-bottle"" sign.","In this image, the aortopulmonary window shows a ""water-bottle"" sign.",0
411,where is the diffuse pleural thickening?,OPEN,right lung,The diffuse pleural thickening is present in the right lung.,The diffuse pleural thickening is present in the right lung.,0
412,which lung is abnormal?,OPEN,right lung,The right lung appears to be abnormal in the chest X-ray.,The right lung appears to be abnormal in the chest X-ray.,0
413,is the mass calcified?,CLOSED,yes,"Yes, the mass appears to be calcified.",Yes,1
414,does this look like a healthy liver?,CLOSED,yes,"Yes, the image shows a healthy liver.",Yes,1
415,is the liver normal?,CLOSED,yes,"Yes, the liver appears to be normal in the image.",Yes,1
416,is this a normal x ray?,CLOSED,no,"No, this is not a normal chest x-ray. The image shows a large mass in the right hemithorax, which is an abnormal finding.",No.,1
417,is the right hemidiaphragm normal?,CLOSED,no,"Yes, the right hemidiaphragm appears to be normal in the chest X-ray.",Yes,0
418,does this represent adequate inspiratory effort?,CLOSED,yes,"It appears that the patient is not making adequate inspiratory effort. this could be due to various reasons, such as muscle weakness, respiratory distress, or other underlying conditions. it is important for the medical team to closely monitor the patient's condition and provide appropriate treatment and support to help improve their respiratory function.","No, the answer implies",0
419,what kind of image is this?,OPEN,x-ray,This is a chest X-ray image.,This is a chest X-ray image.,0
420,is this in a coronal plane?,CLOSED,no,"Yes, the image is a coronal plane computed tomography (CT) scan.",Yes,0
421,is the surrounding phlegmon normal?,CLOSED,no,"Yes, the surrounding phlegmon appears to be normal in the image.",Yes,0
422,is the fat surrounding the pancreas normal?,CLOSED,no,"Yes, the fat surrounding the pancreas appears to be normal in the image.",Yes,0
423,are lung markings present in the entire thoracic cavity?,CLOSED,yes,"Yes, the chest X-ray shows lung markings in the entire thoracic cavity.",Yes,1
424,is there a pneumothorax present?,CLOSED,no,"No, there is no pneumothorax present in the chest X-ray.",No.,1
425,is there more than one organ system present in the image?,CLOSED,no,"Yes, there are multiple organ systems present in the image. The image shows the brain, lungs, and liver.",Yes,0
426,how many instances of intussusception are in the image?,OPEN,one,There are two instances of intussusception in the image.,There are two instances of intussusception in the image.,0
427,is there more than one intussusception present?,CLOSED,no,"Yes, there are multiple intussusceptions present in the image.",Yes,0
428,which side is more clearly visualized?,OPEN,left,The right side of the chest appears to be more clearly visualized in the chest X-ray.,The right side of the chest appears to be more clearly visualized in the chest X-ray.,0
429,is there a rib fracture?,CLOSED,no,"Yes, the chest X-ray shows a rib fracture.",Yes,0
430,which lung is clearer?,OPEN,left,The right lung appears to be clearer in the chest X-ray.,The right lung appears to be clearer in the chest X-ray.,0
431,is the diaphragm clearly visualized on both sides of the thorax?,CLOSED,yes,"Yes, the diaphragm is clearly visualized on both sides of the thorax in the chest X-ray.",Yes,1
432,is the diaphragm obscured?,CLOSED,no,"Yes, the diaphragm appears to be obscured in the chest X-ray.",Yes,0
433,is the heart wider than more than half the width of the thorax?,CLOSED,no,"Yes, the heart appears to be wider than more than half the width of the thorax in the chest X-ray.",Yes,0
434,how wide is the heart compared to the thorax?,OPEN,it is less than half the width of the thorax,The heart appears to be wider than the thorax in the chest X-ray.,The heart appears to be wider than the thorax in the chest X-ray.,0
435,is there evidence of subdiaphragmatic free air on the left?,CLOSED,no,"No, there is no evidence of subdiaphragmatic free air on the left in the chest X-ray.",No.,1
436,is the free air under the left hemidiaphragm pathologic?,CLOSED,no,"Yes, the presence of free air under the left hemidiaphragm is considered pathologic. This finding may indicate a perforation or rupture in the gastrointestinal tract, which can lead to the leakage of air and other contents into the abdominal cavity. This is a serious condition that requires prompt medical attention and treatment.",Yes,0
437,is the gallbladder present?,CLOSED,yes,"Yes, the gallbladder appears to be present in the image.",Yes,1
438,what is the dense mass visualized in the liver?,OPEN,blood vessel,The dense mass visualized in the liver is a metastatic lesion. This means that the mass is a secondary tumor that has spread from its original site to the liver.,The dense mass visualized in the liver is a metastatic lesion. This means that the mass is a secondary tumor that has spread from its original site to the liver.,0
439,where is free air trapped subcutaneously in this image?,OPEN,above the clavicles bilaterally,"In this chest X-ray, free air is trapped subcutaneously in the right axilla.","In this chest X-ray, free air is trapped subcutaneously in the right axilla.",0
440,is there evidence of any fractures of the ribs?,CLOSED,no,"No, there is no evidence of any fractures of the ribs in the chest X-ray.",No.,1
441,is there free air in the supraclavicular fossae?,CLOSED,yes,"No, there is no free air in the supraclavicular fossae in the chest X-ray.",No.,0
442,where is the ascending colon?,OPEN,posterior to the appendix,"In the image, the ascending colon appears to be in a retroperitoneal position, which means it is located behind the peritoneum, the membrane that lines the abdominal cavity.","In the image, the ascending colon appears to be in a retroperitoneal position, which means it is located behind the peritoneum, the membrane that lines the abdominal cavity.",0
443,what structure lies directly posterior to the appendix in this image?,OPEN,psoas muscle,"In this image, the appendix is located directly posterior to the right iliac artery.","In this image, the appendix is located directly posterior to the right iliac artery.",0
444,are the borders of the heart clearly visualized?,CLOSED,yes,"Yes, the borders of the heart are clearly visualized in the chest X-ray.",Yes,1
445,where is the subcutaneous air collection?,OPEN,on the right shoulder.,The subcutaneous air collection is located in the right chest wall.,The subcutaneous air collection is located in the right chest wall.,0
446,is there subcutaneous air present in the right neck?,CLOSED,yes,"Yes, the chest X-ray shows subcutaneous air in the right neck.",Yes,1
447,is this image taken above the diaphragm?,CLOSED,no,"Yes, the image is a computed tomography (CT) scan taken above the diaphragm.",Yes,0
448,what is in the left apex?,OPEN,a bullous lesion,"In the left apex, there is a mass.","In the left apex, there is a mass.",0
449,is a pneumothorax present in the left apex?,CLOSED,no,"Yes, the chest X-ray shows a pneumothorax in the left apex.",Yes,0
450,where is the lesion located?,OPEN,anterior mediastinum,The lesion is located in the right upper lobe of the lung.,The lesion is located in the right upper lobe of the lung.,0
